-- phpMyAdmin SQL Dump
-- version 5.2.0
-- https://www.phpmyadmin.net/
--
-- Host: 127.0.0.1
-- Generation Time: Jul 09, 2024 at 05:40 PM
-- Server version: 10.4.27-MariaDB
-- PHP Version: 8.0.25

SET SQL_MODE = "NO_AUTO_VALUE_ON_ZERO";
START TRANSACTION;
SET time_zone = "+00:00";


/*!40101 SET @OLD_CHARACTER_SET_CLIENT=@@CHARACTER_SET_CLIENT */;
/*!40101 SET @OLD_CHARACTER_SET_RESULTS=@@CHARACTER_SET_RESULTS */;
/*!40101 SET @OLD_COLLATION_CONNECTION=@@COLLATION_CONNECTION */;
/*!40101 SET NAMES utf8mb4 */;

--
-- Database: `code talk`
--

-- --------------------------------------------------------

--
-- Table structure for table `categories`
--

CREATE TABLE `categories` (
  `category_id` int(11) NOT NULL,
  `category_name` varchar(255) NOT NULL,
  `category_description` varchar(500) NOT NULL,
  `created` datetime NOT NULL DEFAULT current_timestamp()
) ENGINE=InnoDB DEFAULT CHARSET=utf8mb4 COLLATE=utf8mb4_general_ci;

--
-- Dumping data for table `categories`
--

INSERT INTO `categories` (`category_id`, `category_name`, `category_description`, `created`) VALUES
(1, 'Python', 'Python is a high-level, general-purpose programming language. Its design philosophy emphasizes code readability with the use of significant indentation via the off-side rule.', '2023-05-13 14:28:50'),
(2, 'JavaScript', 'JavaScript, often abbreviated as JS, is a programming language that is one of the core technologies of the World Wide Web, alongside HTML and CSS.', '2023-05-13 14:33:41'),
(3, 'PHP', 'PHP is a general-purpose scripting language geared toward web development. It was originally created by Danish-Canadian programmer Rasmus Lerdorf in 1993 and released in 1995. The PHP reference implementation is now produced by The PHP Group.', '2023-05-13 19:23:37'),
(4, 'C language', 'C is a general-purpose computer programming language. It was created in the 1970s by Dennis Ritchie, and remains very widely used and influential.', '2023-05-13 19:25:22'),
(5, 'HTML', 'The HyperText Markup Language or HTML is the standard markup language for documents designed to be displayed in a web browser. It is often assisted by technologies such as Cascading Style Sheets and scripting languages such as JavaScript.', '2023-05-13 19:24:36'),
(6, 'C++ ', 'C++ is a high-level, general-purpose programming language created by Danish computer scientist Bjarne Stroustrup.', '2023-05-13 19:26:10');

-- --------------------------------------------------------

--
-- Table structure for table `comments`
--

CREATE TABLE `comments` (
  `comment_id` int(11) NOT NULL,
  `comment_content` text NOT NULL,
  `thread_id` int(11) NOT NULL,
  `comment_time` datetime NOT NULL DEFAULT current_timestamp(),
  `comment_by` int(11) NOT NULL
) ENGINE=InnoDB DEFAULT CHARSET=utf8mb4 COLLATE=utf8mb4_general_ci;

--
-- Dumping data for table `comments`
--

INSERT INTO `comments` (`comment_id`, `comment_content`, `thread_id`, `comment_time`, `comment_by`) VALUES
(1, 'Using precompiled binaries: Instead of installing PyAudio through pip, you can try installing a precompiled binary package that matches your Python version and operating system. You can find precompiled binaries for PyAudio on websites like Christoph Gohlke\'s Python Extension Packages for Windows (www.lfd.uci.edu/~gohlke/pythonlibs/#pyaudio) for Windows users. Download the appropriate binary and install it using pip.', 1, '2023-05-22 21:26:12', 11),
(2, 'Installing dependencies: PyAudio has some dependencies that need to be installed beforehand. Make sure you have the required dependencies, such as PortAudio. On Linux, you can use the package manager (e.g., apt-get or yum) to install PortAudio. On Windows, you may need to download and install PortAudio manually from the PortAudio website (www.portaudio.com). Once the dependencies are installed, try installing PyAudio again.', 1, '2023-05-22 21:26:12', 2),
(3, 'Using a virtual environment: Create a virtual environment using a tool like virtualenv or conda. Activate the virtual environment and try installing PyAudio within that isolated environment. Sometimes, conflicting dependencies or system configurations can cause installation issues, and using a virtual environment can help isolate and resolve those problems.', 1, '2023-05-22 21:26:12', 9),
(4, 'Checking Python and pip versions: Ensure that you have the latest versions of Python and pip installed. You can check your Python version by running \'python --version\' and your pip version by running \'pip --version\'. If you have outdated versions, consider upgrading to the latest versions and try installing PyAudio again.', 1, '2023-05-22 21:26:12', 19),
(5, 'Compiling from source: If none of the above solutions work, you can try compiling PyAudio from source. Download the source code from the PyAudio GitHub repository (github.com/intxcc/pyaudio_source) and follow the instructions provided in the repository\'s documentation to compile and install PyAudio manually.', 1, '2023-05-22 21:26:12', 7),
(6, 'Hey there! If you\'re encountering difficulties while trying to use Python gettext, don\'t worry, we\'ve got you covered. One possible solution is to ensure that you have installed the \'gettext\' module for Python. You can typically install it by running \'pip install gettext\' in your command prompt or terminal.', 2, '2023-05-22 21:26:12', 19),
(7, 'If you\'ve installed \'gettext\' and are still facing issues, double-check that you have the necessary language translation files (.mo or .po files) in the correct directory. Python gettext relies on these files to provide translations. Make sure they are named appropriately and located in the correct language-specific folders.', 2, '2023-05-22 21:26:12', 4),
(8, 'In case you\'re having trouble with the specific implementation of gettext in your code, it can be helpful to provide a code snippet or error message so that we can assist you more effectively. Sharing more details about the specific problem you\'re encountering will allow community members to provide more targeted solutions.', 2, '2023-05-22 21:26:12', 10),
(9, 'If you\'re struggling to understand how to use gettext effectively, I recommend referring to the official Python documentation on gettext. It provides comprehensive information on its usage, including examples and best practices. Additionally, there are numerous online tutorials and blog posts that walk through the process of integrating gettext into Python projects.', 2, '2023-05-22 21:26:12', 13),
(10, 'One useful pytest feature is parameterized testing. You can define test cases with different inputs and expected outputs, which helps catch edge cases and ensure code robustness.', 4, '2023-05-22 21:26:12', 3),
(11, 'When dealing with complex dependencies or external resources, pytest offers a flexible mocking framework. You can use fixtures to simulate external interactions and isolate the unit under test.', 4, '2023-05-22 21:26:12', 15),
(12, 'Using Beautiful Soup and Requests:\r\nimport requests\r\nfrom bs4 import BeautifulSoup\r\n\r\n# Make a request to the website\r\nresponse = requests.get(\'https://example.com\')\r\n\r\n# Parse the HTML content using Beautiful Soup\r\nsoup = BeautifulSoup(response.text, \'html.parser\')\r\n\r\n# Extract specific elements from the parsed HTML\r\ntitle = soup.title.text\r\nparagraphs = soup.find_all(\'p\')\r\n\r\n# Process and print the extracted data\r\nprint(\"Title:\", title)\r\nprint(\"Paragraphs:\")\r\nfor p in paragraphs:\r\n    print(p.text)\r\n', 5, '2023-05-22 21:26:12', 2),
(13, 'Adding Error Handling and URL Validation:\r\nimport requests\r\nfrom bs4 import BeautifulSoup\r\n\r\n# Get user input for the URL\r\nurl = input(\"Enter the URL to scrape: \")\r\n\r\ntry:\r\n    # Make a request to the provided URL\r\n    response = requests.get(url)\r\n\r\n    # Check if the request was successful\r\n    if response.status_code == 200:\r\n        # Parse the HTML content using Beautiful Soup\r\n        soup = BeautifulSoup(response.text, \'html.parser\')\r\n\r\n        # Extract and process specific elements from the parsed HTML\r\n        # ...\r\n\r\n    else:\r\n        print(\"Error: Failed to retrieve the webpage. Please check the URL and try again.\")\r\n\r\nexcept requests.exceptions.RequestException as e:\r\n    print(\"Error:\", e)\r\n\r\n', 5, '2023-05-22 21:26:12', 12),
(14, 'Scraping Multiple Pages with Pagination:\r\nimport requests\r\nfrom bs4 import BeautifulSoup\r\n\r\n# Define the base URL and pagination parameters\r\nbase_url = \'https://example.com/page/\'\r\npage_number = 1\r\nmax_pages = 5\r\n\r\nwhile page_number <= max_pages:\r\n    # Construct the URL for the current page\r\n    url = base_url + str(page_number)\r\n\r\n    # Make a request to the page\r\n    response = requests.get(url)\r\n\r\n    # Parse the HTML content using Beautiful Soup\r\n    soup = BeautifulSoup(response.text, \'html.parser\')\r\n\r\n    # Extract and process data from the current page\r\n    # ...\r\n\r\n    # Increment the page number for the next iteration\r\n    page_number += 1\r\n', 5, '2023-05-22 21:26:12', 9),
(15, 'Check for Mixed Indentation:\r\nIn some cases, the error may occur due to mixing tabs and spaces for indentation. Ensure that you are using consistent indentation throughout your code. Convert all tabs to spaces or vice versa to eliminate any inconsistencies.\r\n\r\n', 6, '2023-05-22 21:26:12', 16),
(16, 'Review Indentation Levels:\r\nCarefully examine the lines leading up to the error and check if the indentation levels are consistent. The error often occurs when there is an extra or missing indentation level. Adjust the indentation accordingly to align with the surrounding code block.\r\n\r\n', 6, '2023-05-22 21:26:12', 18),
(17, 'Remove Unnecessary Indentation:\r\nSometimes, an extra indentation level within a code block can cause the error. Check if any lines within the block are unnecessarily indented and adjust them to match the correct indentation level of the surrounding code.', 6, '2023-05-22 21:26:12', 4),
(18, 'Ensure Proper Use of Control Structures:\r\nIf the error occurs within a control structure (e.g., if statement, for loop), make sure that the subsequent indented lines belong to the control structure. Double-check the placement of colons (:) and the indentation of the associated code block.', 6, '2023-05-22 21:26:12', 7),
(19, 'Check for Mismatched Indentation Width:\r\nEnsure that all lines within the same code block have the same indentation width. The error can occur if there is a mismatch in the number of spaces or tabs used for indentation within the same block.', 6, '2023-05-22 21:26:12', 6),
(20, 'To create a pop-up message box in Tkinter, you can use the \'messagebox\' module. Here\'s an example code snippet:\r\n\r\nimport tkinter as tk\r\nfrom tkinter import messagebox\r\n\r\nroot = tk.Tk()\r\nroot.withdraw()\r\n\r\nmessagebox.showinfo(\"Information\", \"This is an informational message.\")\r\n', 7, '2023-05-22 21:26:12', 2),
(21, 'Another way to create a pop-up message box is by using the \'tkinter.messagebox\' class directly. Here\'s an example:\r\n\r\nimport tkinter as tk\r\nimport tkinter.messagebox as mbox\r\n\r\nroot = tk.Tk()\r\nroot.withdraw()\r\n\r\nmbox.showinfo(\"Information\", \"This is an informational message.\")\r\n', 7, '2023-05-22 21:26:12', 9),
(22, 'If you want to create a custom pop-up \'message box\' with more options, you can create a new Toplevel window and add labels, buttons, or other widgets to it:\r\n\r\nimport tkinter as tk\r\n\r\ndef show_message_box():\r\n    messagebox = tk.Toplevel(root)\r\n    messagebox.title(\"Custom Message Box\")\r\n    label = tk.Label(messagebox, text=\"This is a custom message box.\")\r\n    label.pack()\r\n    ok_button = tk.Button(messagebox, text=\"OK\", command=messagebox.destroy)\r\n    ok_button.pack()\r\n\r\nroot = tk.Tk()\r\n\r\nbutton = tk.Button(root, text=\"Show Message Box\", command=show_message_box)\r\nbutton.pack()\r\n\r\nroot.mainloop()\r\n', 7, '2023-05-22 21:26:12', 20),
(23, 'You can establish a database connection in JavaScript using libraries like \'mysql\', \'mongodb\', or \'sqlite3\'. Check out the official documentation of the respective library you are using for specific connection code examples.', 8, '2023-05-22 21:56:15', 18),
(24, 'In Node.js, you can use the \'mysql\' library to connect to MySQL databases. Here\'s a code snippet to get you started: [code example]. Make sure to install the library using npm (\'npm install mysql\') before using it.', 8, '2023-05-22 21:56:15', 13),
(25, 'If you are using JavaScript in the browser, you can utilize the \'IndexedDB\' API for client-side database storage. It allows you to store data directly in the user\'s browser. Here\'s a link to the MDN documentation with code examples: [ IndexedDB - Web APIs | MDN].', 8, '2023-05-22 21:56:15', 3),
(26, 'If you\'re using Node.js with a MySQL database, you can use the \'mysql\' library to execute SQL queries for CRUD operations. Here\'s an example: \r\n// Import the \'mysql\' library\r\nconst mysql = require(\'mysql\');\r\n\r\n// Create a connection pool to the database\r\nconst pool = mysql.createPool({\r\n  connectionLimit: 10,\r\n  host: \'localhost\',\r\n  user: \'username\',\r\n  password: \'password\',\r\n  database: \'database_name\',\r\n});\r\n\r\n// Execute a query with error handling using promises\r\nconst executeQuery = (query, params) => {\r\n  return new Promise((resolve, reject) => {\r\n    pool.query(query, params, (err, result) => {\r\n      if (err) {\r\n        reject(err);\r\n        return;\r\n      }\r\n      resolve(result);\r\n    });\r\n  });\r\n};\r\n\r\n// Create a new record\r\nconst createRecord = (data) => {\r\n  const query = \'INSERT INTO table_name SET ?\';\r\n  executeQuery(query, data)\r\n    .then((result) => {\r\n      console.log(\'New record created successfully!\');\r\n      console.log(\'Inserted ID:\', result.insertId);\r\n    })\r\n    .catch((err) => {\r\n      console.error(\'Error creating a new record:\', err);\r\n    });\r\n};\r\n\r\n// Read records\r\nconst readRecords = () => {\r\n  const query = \'SELECT * FROM table_name\';\r\n  executeQuery(query)\r\n    .then((rows) => {\r\n      console.log(\'Records:\');\r\n      rows.forEach((row) => {\r\n        console.log(row);\r\n      });\r\n    })\r\n    .catch((err) => {\r\n      console.error(\'Error reading records:\', err);\r\n    });\r\n};\r\n\r\n// Update a record\r\nconst updateRecord = (recordId, newData) => {\r\n  const query = \'UPDATE table_name SET ? WHERE id = ?\';\r\n  executeQuery(query, [newData, recordId])\r\n    .then((result) => {\r\n      console.log(\'Record updated successfully!\');\r\n      console.log(\'Affected rows:\', result.affectedRows);\r\n    })\r\n    .catch((err) => {\r\n      console.error(\'Error updating record:\', err);\r\n    });\r\n};\r\n\r\n// Delete a record\r\nconst deleteRecord = (recordId) => {\r\n  const query = \'DELETE FROM table_name WHERE id = ?\';\r\n  executeQuery(query, recordId)\r\n    .then((result) => {\r\n      console.log(\'Record deleted successfully!\');\r\n      console.log(\'Affected rows:\', result.affectedRows);\r\n    })\r\n    .catch((err) => {\r\n      console.error(\'Error deleting record:\', err);\r\n    });\r\n};\r\n\r\n// Usage examples\r\nconst newRecordData = { name: \'John\', age: 25 };\r\ncreateRecord(newRecordData);\r\n\r\nreadRecords();\r\n\r\nconst updatedRecordData = { name: \'Jane\', age: 28 };\r\nconst recordIdToUpdate = 1;\r\nupdateRecord(recordIdToUpdate, updatedRecordData);\r\n\r\nconst recordIdToDelete = 2;\r\ndeleteRecord(recordIdToDelete);\r\n', 9, '2023-05-22 22:05:24', 11),
(27, 'In MongoDB, you can use the \'Mongoose\' library as an ORM to simplify database operations. It provides a straightforward way to create, retrieve, update, and delete documents. Check out the Mongoose documentation.', 9, '2023-05-22 22:05:24', 15),
(28, 'When working with databases in JavaScript, it\'s essential to handle errors and exceptions properly. You can use try-catch blocks to catch errors and provide appropriate error handling logic. Can you provide some specific error scenarios you\'re facing?', 10, '2023-05-22 22:05:24', 9),
(29, 'If you\'re using a library like \'mysql\' in Node.js, you can handle errors in callbacks or utilize promises to handle rejections. Here\'s an example of error handling with promises: \r\n\r\n// Import the \'mysql\' library\r\nconst mysql = require(\'mysql\');\r\n\r\n// Create a connection pool to the database\r\nconst pool = mysql.createPool({\r\n  connectionLimit: 10,\r\n  host: \'localhost\',\r\n  user: \'username\',\r\n  password: \'password\',\r\n  database: \'database_name\',\r\n});\r\n\r\n// Execute a query with error handling using promises\r\nconst executeQuery = (query, params) => {\r\n  return new Promise((resolve, reject) => {\r\n    pool.query(query, params, (err, result) => {\r\n      if (err) {\r\n        reject(err);\r\n        return;\r\n      }\r\n      resolve(result);\r\n    });\r\n  });\r\n};\r\n\r\n// Usage example\r\nconst queryString = \'SELECT * FROM table_name\';\r\nexecuteQuery(queryString)\r\n  .then((result) => {\r\n    console.log(\'Query result:\', result);\r\n  })\r\n  .catch((err) => {\r\n    console.error(\'Error executing query:\', err);\r\n  });\r\n', 10, '2023-05-22 22:17:28', 7),
(30, 'In MongoDB, you can use the \'Mongoose\' library as an ORM to simplify database operations. It provides a straightforward way to create, retrieve, update, and delete documents. Check out the Mongoose documentation.', 10, '2023-05-22 22:17:28', 18),
(31, 'When working with databases in JavaScript, it\'s essential to handle errors and exceptions properly. You can use try-catch blocks to catch errors and provide appropriate error handling logic. Can you provide some specific error scenarios you\'re facing?', 11, '2023-05-22 22:17:28', 16),
(32, 'If you\'re using a library like \'mysql\' in Node.js, you can handle errors in callbacks or utilize promises to handle rejections. Here\'s an example of error handling with promises: \r\n// Import the \'mysql\' library\r\nconst mysql = require(\'mysql\');\r\n\r\n// Create a connection pool to the database\r\nconst pool = mysql.createPool({\r\n  connectionLimit: 10,\r\n  host: \'localhost\',\r\n  user: \'username\',\r\n  password: \'password\',\r\n  database: \'database_name\',\r\n});\r\n\r\n// Execute a query with error handling using promises\r\nconst executeQuery = (query, params) => {\r\n  return new Promise((resolve, reject) => {\r\n    pool.query(query, params, (err, result) => {\r\n      if (err) {\r\n        reject(err);\r\n      } else {\r\n        resolve(result);\r\n      }\r\n    });\r\n  });\r\n};\r\n\r\n// Usage example\r\nconst queryString = \'SELECT * FROM table_name\';\r\nexecuteQuery(queryString)\r\n  .then((result) => {\r\n    console.log(\'Query result:\', result);\r\n  })\r\n  .catch((err) => {\r\n    console.error(\'Error executing query:\', err);\r\n  });\r\n', 11, '2023-05-22 22:17:28', 4),
(33, 'For MongoDB, you can handle errors using try-catch blocks or utilize the \'tryCatch\' function provided by \'Mongoose\'. It simplifies error handling for asynchronous operations. Here\'s an example: \r\n// Import the required libraries\r\nconst mongoose = require(\'mongoose\');\r\n\r\n// Connect to the MongoDB database\r\nmongoose.connect(\'mongodb://localhost/database_name\', {\r\n  useNewUrlParser: true,\r\n  useUnifiedTopology: true,\r\n});\r\n\r\n// Define a schema for the collection\r\nconst schema = new mongoose.Schema({\r\n  name: String,\r\n  age: Number,\r\n});\r\n\r\n// Create a model based on the schema\r\nconst Model = mongoose.model(\'ModelName\', schema);\r\n\r\n// Asynchronous function for MongoDB operations\r\nconst performMongoDBOperation = async () => {\r\n  try {\r\n    // MongoDB operations within the try block\r\n    const newDocument = new Model({\r\n      name: \'John\',\r\n      age: 25,\r\n    });\r\n    const savedDocument = await newDocument.save();\r\n    console.log(\'New document saved:\', savedDocument);\r\n\r\n    const retrievedDocument = await Model.findOne({ name: \'John\' });\r\n    console.log(\'Retrieved document:\', retrievedDocument);\r\n\r\n    retrievedDocument.age = 26;\r\n    const updatedDocument = await retrievedDocument.save();\r\n    console.log(\'Updated document:\', updatedDocument);\r\n\r\n    const deletedDocument = await Model.findByIdAndDelete(updatedDocument._id);\r\n    console.log(\'Deleted document:\', deletedDocument);\r\n  } catch (error) {\r\n    // Error handling within the catch block\r\n    console.error(\'An error occurred:\', error);\r\n  }\r\n};\r\n\r\n// Call the asynchronous function to perform MongoDB operations\r\nperformMongoDBOperation();\r\n', 11, '2023-05-22 22:17:28', 16),
(34, 'JSON (JavaScript Object Notation) is a popular data format, and JavaScript provides built-in support for parsing and manipulating JSON data. If you\'re working with JSON and databases, you can use libraries like \'json-sql\' or \'json-query\' to perform queries and transformations on JSON data stored in databases.', 12, '2023-05-22 22:17:28', 6),
(35, 'In Node.js, you can use the \'fs\' module to read JSON data from a file and \'mysql\' library to interact with the database. Here\'s an example of reading JSON data and inserting it into a MySQL database:\r\n// Import the required modules\r\nconst fs = require(\'fs\');\r\nconst mysql = require(\'mysql\');\r\n\r\n// Create a connection pool to the database\r\nconst pool = mysql.createPool({\r\n  connectionLimit: 10,\r\n  host: \'localhost\',\r\n  user: \'username\',\r\n  password: \'password\',\r\n  database: \'database_name\',\r\n});\r\n\r\n// Read JSON data from a file\r\nfs.readFile(\'data.json\', \'utf8\', (err, data) => {\r\n  if (err) {\r\n    console.error(\'Error reading JSON file:\', err);\r\n    return;\r\n  }\r\n\r\n  try {\r\n    const jsonData = JSON.parse(data);\r\n    const dataArray = Array.isArray(jsonData) ? jsonData : [jsonData];\r\n\r\n    // Insert data into the database\r\n    const queryString = \'INSERT INTO table_name SET ?\';\r\n    dataArray.forEach((data) => {\r\n      pool.query(queryString, data, (err, result) => {\r\n        if (err) {\r\n          console.error(\'Error inserting data:\', err);\r\n          return;\r\n        }\r\n        console.log(\'Data inserted successfully!\');\r\n        console.log(\'Inserted ID:\', result.insertId);\r\n      });\r\n    });\r\n  } catch (err) {\r\n    console.error(\'Error parsing JSON data:\', err);\r\n  }\r\n});\r\n', 12, '2023-05-22 22:17:28', 20),
(36, 'If you\'re using MongoDB, you can directly store JSON documents and perform queries on them. MongoDB\'s flexible document model allows you to work seamlessly with JSON data. Here\'s an example of inserting JSON data into a MongoDB collection: \r\n// Import the required libraries\r\nconst { MongoClient } = require(\'mongodb\');\r\nconst fs = require(\'fs\');\r\n\r\n// Connection URI\r\nconst uri = \'mongodb://localhost:27017\';\r\n\r\n// Database and collection names\r\nconst databaseName = \'your_database_name\';\r\nconst collectionName = \'your_collection_name\';\r\n\r\n// Read JSON data from a file\r\nfs.readFile(\'data.json\', \'utf8\', async (err, data) => {\r\n  if (err) {\r\n    console.error(\'Error reading JSON file:\', err);\r\n    return;\r\n  }\r\n\r\n  try {\r\n    const jsonData = JSON.parse(data);\r\n    const dataArray = Array.isArray(jsonData) ? jsonData : [jsonData];\r\n\r\n    // Connect to the MongoDB database\r\n    const client = await MongoClient.connect(uri, { useNewUrlParser: true, useUnifiedTopology: true });\r\n    const db = client.db(databaseName);\r\n    const collection = db.collection(collectionName);\r\n\r\n    // Insert data into the collection\r\n    const result = await collection.insertMany(dataArray);\r\n    console.log(\'Data inserted successfully!\');\r\n    console.log(\'Inserted IDs:\', result.insertedIds);\r\n\r\n    // Close the database connection\r\n    client.close();\r\n  } catch (err) {\r\n    console.error(\'Error inserting data:\', err);\r\n  }\r\n});\r\n', 12, '2023-05-22 22:17:28', 14),
(37, 'Data validation and sanitization are crucial to ensure the integrity and security of your database. You can use libraries like \'validator.js\' or \'express-validator\' to validate and sanitize user input in JavaScript. What specific type of data are you looking to validate?', 13, '2023-05-22 22:17:28', 1),
(38, 'In Node.js, you can use the \'express-validator\' library to validate and sanitize user input before storing it in the database. It provides a wide range of validation and sanitization functions. Here\'s an example of validating and sanitizing user input: \r\nconst express = require(\'express\');\r\nconst { body, validationResult } = require(\'express-validator\');\r\n\r\nconst app = express();\r\n\r\n// Middleware to parse JSON data\r\napp.use(express.json());\r\n\r\n// Route for handling form submission\r\napp.post(\'/submit\', [\r\n  body(\'name\').trim().isLength({ min: 3 }).escape(),\r\n  body(\'email\').isEmail().normalizeEmail(),\r\n  body(\'age\').isInt({ min: 1, max: 100 }),\r\n], (req, res) => {\r\n  // Check for validation errors\r\n  const errors = validationResult(req);\r\n  if (!errors.isEmpty()) {\r\n    return res.status(400).json({ errors: errors.array() });\r\n  }\r\n\r\n  // Access the validated and sanitized data\r\n  const { name, email, age } = req.body;\r\n\r\n  // Store the data in the database or perform other actions\r\n  // ...\r\n\r\n  // Send a success response\r\n  res.json({ message: \'Data submitted successfully!\' });\r\n});\r\n\r\n// Start the server\r\napp.listen(3000, () => {\r\n  console.log(\'Server started on port 3000\');\r\n});\r\n', 13, '2023-05-22 22:17:28', 8),
(39, 'For client-side data validation, JavaScript frameworks like React or Vue.js often have built-in validation libraries or plugins. These can help ensure data integrity before submitting it to the server for database storage.', 13, '2023-05-22 22:17:28', 14),
(40, 'Database migrations allow you to manage changes to your database schema over time. There are several migration tools available for JavaScript, such as \'Knex.js\', \'Sequelize\', or \'mongo-migrate\'. What specific database system are you working with?', 14, '2023-05-22 22:17:28', 5),
(41, 'If you\'re using a SQL database like MySQL or PostgreSQL, \'Knex.js\' provides a powerful migration system. It allows you to define and execute database schema changes using JavaScript code. Here\'s an example of creating a migration file with \'Knex.js\':\r\n// Import the Knex.js library and initialize a new Knex instance\r\nconst knex = require(\'knex\')({\r\n  client: \'mysql\', // Specify the database client\r\n  connection: {\r\n    host: \'localhost\',\r\n    user: \'your_database_user\',\r\n    password: \'your_database_password\',\r\n    database: \'your_database_name\'\r\n  }\r\n});\r\n\r\n// Create a migration file using the Knex CLI\r\nknex.migrate.make(\'create_users_table\')\r\n  .then(() => {\r\n    console.log(\'Migration file created successfully.\');\r\n    process.exit(0);\r\n  })\r\n  .catch((error) => {\r\n    console.error(\'Error creating migration file:\', error);\r\n    process.exit(1);\r\n  });\r\n', 14, '2023-05-22 22:17:28', 17),
(42, 'For MongoDB, you can use the \'mongo-migrate\' package to manage database migrations. It enables you to define and apply changes to your MongoDB collections. Here\'s an example of creating a migration file with \'mongo-migrate\':\r\n// Import the \'mongo-migrate\' package\r\nconst migrate = require(\'mongo-migrate\');\r\n\r\n// Create a new migration using the \'mongo-migrate\' CLI\r\nmigrate.create(\'create_users_collection\', function(err, createdMigration) {\r\n  if (err) {\r\n    console.error(\'Error creating migration:\', err);\r\n  } else {\r\n    console.log(\'Migration file created successfully:\', createdMigration);\r\n  }\r\n});\r\n', 14, '2023-05-22 22:17:28', 18),
(43, 'When initializing a database in PHP, should we use raw SQL queries or consider using an ORM like Eloquent or Doctrine? What are the pros and cons of each approach?', 14, '2023-05-22 22:40:50', 9),
(44, 'I usually prefer using raw SQL queries for database initialization in PHP. It gives me more control and allows me to fine-tune the queries based on my specific needs. However, ORMs like Eloquent can provide convenience and abstraction, especially for larger projects where managing database interactions becomes more complex.', 14, '2023-05-22 22:40:50', 3),
(45, 'In my experience, using a database migration tool like Laravel\'s migrations or Phinx can be beneficial for PHP database initialization. It allows you to version your database schema, making it easier to track and apply changes over time. Plus, it provides a consistent and repeatable way to initialize the database across different environments.', 14, '2023-05-22 22:40:50', 4),
(46, 'Caching can significantly improve PHP application performance. Utilize caching mechanisms like opcode caching (e.g., APC, OPcache), query caching, or full-page caching to reduce the load on the server. Minify and compress assets (CSS, JavaScript) to minimize network transfer time.', 15, '2023-05-22 22:42:28', 20),
(47, 'Consider optimizing database queries by using appropriate indexes, optimizing table structures, and reducing unnecessary database calls. Implement lazy loading or pagination to fetch data in smaller chunks. Profiling your code, identifying bottlenecks, and optimizing critical sections can also have a substantial impact on overall performance.', 15, '2023-05-22 22:42:28', 5),
(48, 'Validating and sanitizing user input is crucial to prevent SQL injection and other security issues. Utilize prepared statements or parameterized queries when interacting with the database. Additionally, implement output escaping or use template engines like Twig to prevent cross-site scripting (XSS) attacks.', 16, '2023-05-22 22:43:52', 10),
(49, 'To protect against Cross-Site Request Forgery (CSRF), generate and validate CSRF tokens for each form submission. Use secure session management techniques, enable CSRF protection in frameworks like Laravel or Symfony, and consider implementing HTTP security headers like Content Security Policy (CSP) and Strict-Transport-Security (HSTS) to enhance the overall security posture of your PHP applications.', 16, '2023-05-22 22:43:52', 15),
(50, 'Laravel is a widely-used PHP framework known for its elegant syntax, extensive documentation, and rich ecosystem. It\'s great for building web applications with features like routing, ORM, and caching. Symfony is another powerful framework with a strong focus on flexibility and scalability, making it suitable for large-scale projects. It\'s important to consider your project requirements and the learning curve when selecting a framework.', 17, '2023-05-22 22:45:52', 14),
(51, 'If you\'re looking for a lightweight framework, Slim and Lumen are worth considering. They provide a minimalistic approach to PHP development, ideal for building APIs or microservices. CodeIgniter is also popular for its simplicity and easy learning curve, making it a good choice for small to medium-sized projects.', 17, '2023-05-22 22:45:52', 17),
(52, 'One helpful technique is to use print statements strategically to trace the flow of your program and identify any variables causing issues.', 21, '2023-05-22 22:51:25', 18),
(53, 'Consider using a debugger like gdb (GNU Debugger) to step through your code and examine variables at runtime. It can be a powerful tool for finding and fixing bugs.', 21, '2023-05-22 22:51:25', 8),
(54, 'One tip I can give is to always initialize variables when declaring them. This helps prevent unpredictable behavior and ensures a clean start.', 19, '2023-05-22 22:52:11', 2),
(55, 'I would suggest starting with a good book like \'The C Programming Language\' by Kernighan and Ritchie. It\'s a classic and provides a solid foundation.', 19, '2023-05-22 22:52:46', 6),
(56, 'You can also check out online platforms like Codecademy or freeCodeCamp. They offer interactive C programming courses with hands-on exercises.', 18, '2023-05-22 22:53:12', 1),
(57, 'Are there any shortcuts or tricks for optimizing loop performance in C++? I want to make my code as efficient as possible', 23, '2023-05-22 22:59:45', 10),
(58, 'When populating an HTML data table with database records, consider using server-side scripting to fetch the data, format it as HTML, and dynamically generate the table rows. This approach allows for easier updates and improves performance.', 28, '2023-05-22 23:09:30', 15),
(59, 'To enhance the user experience, consider implementing features like pagination, sorting, and filtering in your HTML data tables. These functionalities can be achieved through JavaScript libraries or frameworks like jQuery DataTables or Bootstrap Table.', 28, '2023-05-22 23:09:30', 8),
(60, 'The basic difference is the name itself\r\n', 29, '2023-06-06 07:55:40', 26);

-- --------------------------------------------------------

--
-- Table structure for table `threads`
--

CREATE TABLE `threads` (
  `thread_id` int(11) NOT NULL,
  `thread_title` varchar(255) NOT NULL,
  `thread_description` varchar(500) NOT NULL,
  `thread_cat_id` int(11) NOT NULL,
  `thread_user_id` int(11) NOT NULL,
  `thread_time` datetime NOT NULL DEFAULT current_timestamp()
) ENGINE=InnoDB DEFAULT CHARSET=utf8mb4 COLLATE=utf8mb4_general_ci;

--
-- Dumping data for table `threads`
--

INSERT INTO `threads` (`thread_id`, `thread_title`, `thread_description`, `thread_cat_id`, `thread_user_id`, `thread_time`) VALUES
(1, 'Unable to install Pyaudio.', 'I am not able to install Pyaudio in windows', 1, 9, '2023-05-14 14:38:01'),
(2, 'Not able to use pythonPython gettext – I am afraid I do not know how to use that.', 'Please help me', 1, 6, '2023-05-14 14:51:19'),
(3, 'Feedback on snake game', 'For fun I challenged myself to make a snake game in Python entirely in the console without any external libraries (apart from `colorama` and `pynput`). I was wondering if anyone might have any feedback on the game\'s code, specifically in ways to simplify the code. The code isn\'t that well documented (working on it), and so if there are any ambiguous parts I would be happy to explain them.\n\nCode: GitHub - skifli/snek: It\'s snake. But snek. And in Python.', 1, 16, '2023-05-14 16:32:43'),
(4, ' Python Unit Testing with pytest', 'Greetings, fellow coders! I\'m diving into unit testing with pytest in Python. Any tips for writing effective test cases? How do you handle complex dependencies or mocks?', 1, 12, '2023-05-14 16:32:57'),
(5, ' Python Web Scraping with Beautiful Soup', 'Hello fellow Python enthusiasts! I\'m interested in web scraping and came across Beautiful Soup. Any recommendations on how to effectively scrape websites using Beautiful Soup? Any challenges you\'ve faced and how you overcame them?', 1, 6, '2023-05-14 16:37:57'),
(6, 'Fix the \"IndentationError: unexpected indent\" error\n', 'Please help me out with the error', 1, 4, '2023-05-14 16:39:18'),
(7, ' Python GUI Development with Tkinter', 'Hey folks! I\'m curious about GUI development in Python using Tkinter. Any recommendations on resources or tutorials to get started? Also, what are some best practices for creating user-friendly interfaces?', 1, 19, '2023-05-14 16:42:07'),
(8, 'Connecting to a Database in JavaScript', 'I am getting error in connecting to the database. Please help me out.', 2, 14, '2023-05-22 21:50:11'),
(9, 'Performing CRUD Operations in JavaScript with a Database', 'To perform CRUD (Create, Read, Update, Delete) operations in JavaScript with a database, you\'ll typically need to use SQL queries or ORM (Object-Relational Mapping) libraries like \'Sequelize\' or \'Mongoose\' for MongoDB. What database are you working with?', 2, 15, '2023-05-22 21:50:11'),
(10, 'Handling Database Errors and Exceptions in JavaScript', 'Please help me out in solving errors in database.', 2, 10, '2023-05-22 21:50:11'),
(11, 'Working with JSON Data and Databases in JavaScript', 'Which module should I use.', 2, 6, '2023-05-22 21:50:11'),
(12, 'Implementing Data Validation and Sanitization in JavaScript with Databases', 'What should I do?', 2, 13, '2023-05-22 21:50:11'),
(13, 'Handling Database Migrations and Schema Changes in JavaScript', 'Suggest me database.', 2, 11, '2023-05-22 21:50:11'),
(14, ' PHP Database Initialization: Best Practices and Techniques', 'How to install the Php ', 3, 12, '2023-05-22 22:29:29'),
(15, 'PHP Performance Optimization Tips: Boosting Application Speed', 'What are some practical tips and techniques for optimizing the performance of PHP applications? How can we improve the speed and efficiency of our code?', 3, 15, '2023-05-22 22:34:08'),
(16, ' PHP Security Best Practices: Protecting Your Web Applications', 'What are some essential security practices that PHP developers should follow to safeguard their web applications against common vulnerabilities like SQL injection, XSS, and CSRF?', 3, 8, '2023-05-22 22:35:15'),
(17, 'PHP Frameworks: Choosing the Right One for Your Project', 'I\'m starting a new PHP project, and I\'m unsure which framework to choose. What are some popular PHP frameworks, and what are their key features and use cases?', 3, 3, '2023-05-22 22:36:18'),
(18, 'Getting Started with C Programming', 'I\'m new to programming and want to learn C. Can anyone recommend some beginner-friendly resources and tutorials?', 4, 14, '2023-05-22 22:49:30'),
(19, ' C Language Tips and Tricks', 'What are some useful tips or tricks for writing efficient C code?', 4, 12, '2023-05-22 22:49:30'),
(20, 'C Language Challenges and Puzzles', 'I love solving coding challenges! Does anyone have any interesting C language puzzles to share?', 4, 5, '2023-05-22 22:49:30'),
(21, 'Debugging C Programs', 'I\'m struggling with debugging my C program. Any advice or best practices?', 4, 2, '2023-05-22 22:49:30'),
(22, 'Functions and Modules in C++', 'How do I define and call functions in C++? Can functions have multiple return values?', 6, 6, '2023-05-22 22:58:56'),
(23, 'C++ Control Flow: Loops and Conditionals', 'What are the various loop constructs available in C++? When should I use a \'for\' loop versus a \'while\' loop?', 6, 18, '2023-05-22 22:58:56'),
(29, 'Templates', 'Difference between class templates and function templates', 6, 26, '2023-06-06 07:55:04');

-- --------------------------------------------------------

--
-- Table structure for table `users`
--

CREATE TABLE `users` (
  `user_id` int(11) NOT NULL,
  `user_email` varchar(30) NOT NULL,
  `user_pass` varchar(255) NOT NULL,
  `timestamp` datetime DEFAULT current_timestamp()
) ENGINE=InnoDB DEFAULT CHARSET=utf8mb4 COLLATE=utf8mb4_general_ci;

--
-- Dumping data for table `users`
--

INSERT INTO `users` (`user_id`, `user_email`, `user_pass`, `timestamp`) VALUES
(1, 'Joseph', '$2y$10$YfQ01JKK6WjoVUMNAcJRxeA23Jo00lBUyP05f2CDeOLaYj6Z7fvOy', '2023-05-23 10:59:48'),
(2, 'Aria', '$2y$10$Mi98pOG/TrWJV3x9puVlOe36ZDo4ezoQZO0sHtVeKV4yZfVWCEVWe', '2023-05-23 11:00:14'),
(3, 'Sam', '$2y$10$5cpHWEmaRBcjz82o7C/IyOdXDfy1ixzvZW.FOuh1DOoU0r7Owx/CK', '2023-05-23 11:00:43'),
(4, 'Harry', '$2y$10$yJUNNM9SzmmrAOO1td6c0u1E6upDShFD9nh3P72LwKN.zFYV0x6P6', '2023-05-23 11:01:06'),
(5, 'Sara', '$2y$10$raXAIjGR3aDCOTe4CbcH4OJDaXD8qWNfNew.ipfoz9fe0cQG5aomK', '2023-05-23 11:01:32'),
(6, 'Miller', '$2y$10$WpF7iVfaxe4a1eJsAjunp.ShtCnefDs6.kwOTTGtYLpeYgbHg0Ei6', '2023-05-23 11:01:50'),
(7, 'Shubman', '$2y$10$BgsXmun61av1RSb7KkpArexvGRqMPWD1JgSJv30k1PSV5PaPmwIhq', '2023-05-23 11:02:16'),
(8, 'Daisy', '$2y$10$OcC2og.Dwp5955z7NnDm4u42gGEJn672rxhTy.f/CRnkGwdXltXMm', '2023-05-23 11:02:40'),
(9, 'Rio', '$2y$10$0r9.abSfzPTMLfTnLXUdn.XQGYNhmKEpJELVyNHg1TyCwPAkQ50hu', '2023-05-23 11:03:30'),
(10, 'Taylor', '$2y$10$BlmDmTc8IH79LaNYES10gOvQgoLBs7fwHN3FQvS/3t1IIOA/.mTVC', '2023-05-23 11:04:25'),
(11, 'Clara', '$2y$10$Lmr3yKGYPCE1//BG5eB78eJCmykSyIw6vT5aKxkNbt1jvIEmYNHmG', '2023-05-23 11:04:53'),
(12, 'Alexa', '$2y$10$.P93QYzVguJycZA8QhrY9O8HiuK2dMpYuE9aWiSR/WcQysezZYWfO', '2023-05-23 11:05:19'),
(13, 'John', '$2y$10$m8LwwoMQKW8DJZ9oMBGKOeo8evLveHUmVtQBvWPwjvov0elIer8w.', '2023-05-23 11:06:00'),
(14, 'Olivia', '$2y$10$sz9xzQ1CyMnHzws6biVT9.VZQtFtbapwATSjOv/7HnoK0poGIUXuu', '2023-05-23 11:06:47'),
(15, 'Jack', '$2y$10$iS/kB58VG7xhkzWbcO4Hd.LmmkdQMjnQ407bk/5v5QDULBFZRMsTq', '2023-05-23 11:07:03'),
(16, 'Mark', '$2y$10$vGbzt1mCs2p2Du.eSROK6uIsZ2wSsBlR6TRojz1SiWecJVrxQbEAy', '2023-05-23 11:08:19'),
(17, 'Paul', '$2y$10$RWp.pNc6dPvwKuqmHcM6yOIQ4yD9stDGm9IOWhM125XSIEf77MGNy', '2023-05-23 11:08:35'),
(18, 'Nick', '$2y$10$4tBcWPha9NkVH96YbPtpTe5g50Zy6ifPydG2..kdPovnT69XcBfJu', '2023-05-23 11:08:55'),
(19, 'Ruby', '$2y$10$Mg1fFCBw1MKAmrX9iVT27OQ1P6mJIr8cZkAJ348cRWBSPbK.lU1Bu', '2023-05-23 11:09:13'),
(20, 'Scarlett', '$2y$10$KSd4iCiOkULvmGv1gdK7EuyowB0NVg7z.feb01sK5JQVh21S5812u', '2023-05-23 11:10:01'),
(25, 'Ira', '$2y$10$VZLhO78bN9G2t2Jxh3CCGOmRqaIe552MWmcjXF4b1kaUPRMd9ziU6', '2023-06-02 16:17:41'),
(26, 'Aayushi', '$2y$10$pgqkK.WwyF1meiVw3y0Sw.sWhCt1yVE2Juv77m.CyKwghv61aDPUS', '2023-06-06 07:53:16');

--
-- Indexes for dumped tables
--

--
-- Indexes for table `categories`
--
ALTER TABLE `categories`
  ADD PRIMARY KEY (`category_id`);

--
-- Indexes for table `comments`
--
ALTER TABLE `comments`
  ADD PRIMARY KEY (`comment_id`);

--
-- Indexes for table `threads`
--
ALTER TABLE `threads`
  ADD PRIMARY KEY (`thread_id`);
ALTER TABLE `threads` ADD FULLTEXT KEY `thread_title` (`thread_title`,`thread_description`);

--
-- Indexes for table `users`
--
ALTER TABLE `users`
  ADD PRIMARY KEY (`user_id`);

--
-- AUTO_INCREMENT for dumped tables
--

--
-- AUTO_INCREMENT for table `categories`
--
ALTER TABLE `categories`
  MODIFY `category_id` int(11) NOT NULL AUTO_INCREMENT, AUTO_INCREMENT=53;

--
-- AUTO_INCREMENT for table `comments`
--
ALTER TABLE `comments`
  MODIFY `comment_id` int(11) NOT NULL AUTO_INCREMENT, AUTO_INCREMENT=61;

--
-- AUTO_INCREMENT for table `threads`
--
ALTER TABLE `threads`
  MODIFY `thread_id` int(11) NOT NULL AUTO_INCREMENT, AUTO_INCREMENT=30;

--
-- AUTO_INCREMENT for table `users`
--
ALTER TABLE `users`
  MODIFY `user_id` int(11) NOT NULL AUTO_INCREMENT, AUTO_INCREMENT=27;
COMMIT;

/*!40101 SET CHARACTER_SET_CLIENT=@OLD_CHARACTER_SET_CLIENT */;
/*!40101 SET CHARACTER_SET_RESULTS=@OLD_CHARACTER_SET_RESULTS */;
/*!40101 SET COLLATION_CONNECTION=@OLD_COLLATION_CONNECTION */;
